{"cameraMode":{"drawMode":0,"name":"Shaded","section":"Shading Mode"},"sceneLighting":false,"audioPlay":false,"sceneViewState":{"showFog":false,"showMaterialUpdate":false,"showSkybox":false,"showFlares":false,"showImageEffects":false,"showParticleSystems":false},"in2DMode":false,"pivot":{"x":-32.43213653564453,"y":33.34538650512695,"z":-59.273582458496097},"rotation":{"x":0.002227196702733636,"y":-0.9395372867584229,"z":0.3427545130252838,"w":0.006463521625846624},"size":66.38984680175781,"orthographic":false}